guid,tag
1,positive
2,positive
3,positive
6,positive
7,positive
9,positive
10,negative
11,positive
12,positive
14,positive
15,positive
16,positive
17,positive
18,positive
21,positive
22,negative
23,positive
24,neutral
26,neutral
27,neutral
28,positive
29,positive
30,negative
32,positive
33,neutral
35,positive
36,positive
39,neutral
40,positive
41,negative
43,positive
44,positive
45,positive
46,neutral
47,positive
48,positive
52,negative
53,positive
54,positive
56,neutral
57,positive
59,positive
61,positive
62,positive
63,positive
64,negative
65,positive
66,positive
67,positive
68,positive
69,negative
70,positive
71,positive
72,negative
73,neutral
74,positive
75,negative
76,positive
77,positive
78,positive
79,positive
80,negative
81,positive
82,positive
83,positive
84,positive
85,neutral
86,positive
88,positive
92,positive
93,negative
94,positive
95,positive
97,negative
98,positive
100,positive
101,positive
103,positive
104,neutral
105,neutral
106,neutral
107,positive
108,neutral
109,positive
111,positive
113,positive
114,positive
115,positive
117,neutral
118,negative
119,negative
120,positive
122,positive
123,positive
125,positive
127,positive
128,positive
129,positive
131,negative
132,positive
133,positive
134,negative
135,positive
137,positive
139,positive
140,neutral
141,positive
142,neutral
143,positive
144,positive
146,neutral
147,positive
148,positive
149,positive
151,positive
153,negative
154,positive
155,neutral
156,positive
157,positive
158,negative
159,negative
161,positive
163,positive
164,negative
165,neutral
166,positive
167,positive
169,negative
171,positive
172,positive
175,positive
177,positive
178,positive
179,negative
180,neutral
181,neutral
182,positive
183,positive
185,positive
186,negative
187,positive
188,negative
189,negative
190,negative
191,positive
192,positive
194,negative
195,negative
196,negative
197,positive
198,neutral
199,positive
201,negative
202,negative
203,negative
205,negative
207,positive
208,negative
209,positive
210,positive
211,neutral
212,positive
213,positive
214,positive
215,positive
216,positive
217,positive
218,positive
220,positive
221,positive
223,positive
225,positive
226,positive
227,positive
228,positive
229,positive
230,positive
231,positive
232,negative
233,positive
234,negative
237,positive
239,positive
241,positive
242,positive
243,neutral
244,positive
245,neutral
246,negative
247,positive
248,negative
249,negative
251,positive
252,positive
253,negative
254,negative
255,negative
256,positive
258,negative
260,negative
261,positive
263,positive
265,positive
266,positive
267,positive
269,neutral
270,positive
271,positive
273,negative
275,positive
276,positive
278,positive
281,positive
283,positive
284,positive
285,negative
287,positive
288,positive
289,positive
292,positive
293,positive
294,positive
295,positive
297,negative
298,positive
299,positive
300,positive
302,negative
303,positive
304,positive
305,positive
306,positive
307,positive
308,positive
311,positive
314,positive
315,positive
316,negative
320,negative
321,positive
322,positive
323,negative
325,positive
326,positive
327,negative
328,positive
329,positive
330,neutral
331,negative
333,negative
335,neutral
336,positive
337,positive
338,positive
340,neutral
341,positive
342,positive
343,positive
344,negative
347,negative
348,negative
350,positive
352,positive
354,negative
355,positive
356,neutral
357,positive
358,neutral
359,positive
360,positive
361,negative
363,positive
364,negative
365,positive
366,positive
367,negative
368,positive
371,negative
372,positive
374,neutral
375,negative
377,negative
378,positive
379,negative
381,positive
384,negative
389,negative
390,negative
392,negative
393,positive
394,positive
395,positive
396,neutral
398,negative
399,positive
400,negative
401,positive
403,positive
405,neutral
406,positive
407,positive
408,positive
409,positive
410,positive
411,positive
412,positive
414,negative
416,positive
417,positive
418,negative
420,positive
422,negative
425,negative
426,neutral
427,positive
428,neutral
432,positive
433,neutral
434,positive
435,positive
436,neutral
437,neutral
438,positive
439,positive
440,positive
441,positive
442,negative
444,positive
445,positive
447,positive
448,negative
449,neutral
450,negative
451,negative
452,negative
454,negative
455,positive
456,positive
457,negative
461,negative
463,positive
465,positive
466,positive
470,positive
471,positive
472,positive
473,negative
474,positive
475,positive
476,positive
477,positive
478,positive
481,positive
482,positive
483,neutral
484,negative
485,negative
486,negative
488,positive
490,positive
493,positive
495,positive
496,positive
497,positive
498,positive
499,positive
500,positive
501,positive
502,neutral
503,positive
504,positive
505,neutral
506,positive
507,positive
508,positive
509,positive
510,positive
511,neutral
512,positive
513,positive
514,positive
515,positive
517,positive
519,positive
520,positive
521,positive
523,positive
524,positive
525,positive
526,positive
528,neutral
529,negative
530,positive
531,neutral
535,positive
536,positive
537,positive
539,negative
540,positive
541,positive
542,negative
543,negative
544,positive
545,positive
546,neutral
547,positive
548,positive
550,negative
551,negative
552,neutral
553,positive
554,positive
555,positive
556,positive
557,positive
560,positive
561,positive
562,positive
563,positive
564,positive
569,positive
571,positive
572,positive
574,negative
576,positive
577,positive
578,positive
579,positive
580,neutral
581,neutral
582,neutral
583,positive
585,positive
586,neutral
587,neutral
589,negative
590,positive
592,positive
593,negative
595,positive
596,negative
597,negative
598,positive
601,positive
602,negative
603,positive
604,positive
605,positive
606,negative
607,positive
608,negative
610,positive
612,positive
613,positive
614,neutral
615,positive
616,positive
619,positive
620,positive
621,neutral
622,positive
623,neutral
624,positive
625,negative
627,neutral
628,negative
633,negative
634,positive
635,positive
637,neutral
638,positive
641,negative
642,negative
643,positive
645,positive
646,positive
647,positive
648,neutral
649,positive
652,positive
653,positive
654,positive
655,positive
656,negative
658,positive
659,positive
660,positive
661,negative
662,positive
663,positive
664,negative
665,positive
666,positive
667,negative
668,negative
669,neutral
671,negative
672,negative
673,positive
675,positive
676,negative
678,neutral
679,positive
680,negative
681,positive
682,positive
683,positive
684,positive
685,negative
686,positive
687,negative
688,positive
689,negative
690,negative
691,positive
692,positive
695,positive
696,positive
699,negative
700,negative
701,negative
702,positive
703,negative
704,positive
706,positive
707,positive
708,neutral
710,positive
711,positive
713,positive
715,positive
717,positive
719,negative
720,neutral
721,positive
722,positive
723,negative
724,positive
725,positive
726,positive
727,negative
728,positive
729,positive
731,negative
733,positive
734,positive
737,positive
741,positive
743,positive
745,positive
746,positive
747,positive
750,negative
752,neutral
753,neutral
754,positive
756,positive
757,positive
758,positive
759,positive
760,neutral
761,positive
762,positive
763,positive
764,positive
765,positive
766,positive
768,negative
769,positive
770,positive
771,positive
773,positive
774,positive
777,positive
778,negative
779,neutral
781,positive
782,negative
783,negative
784,negative
785,positive
788,neutral
789,positive
790,positive
791,positive
792,positive
793,positive
794,neutral
795,neutral
796,positive
797,positive
798,positive
799,positive
800,positive
801,positive
802,negative
804,positive
805,negative
806,positive
807,positive
808,negative
809,positive
810,positive
811,positive
813,positive
815,positive
817,positive
818,negative
819,negative
820,positive
821,positive
822,positive
823,positive
825,neutral
826,negative
828,neutral
829,positive
832,negative
833,positive
834,positive
835,positive
836,negative
837,negative
838,negative
839,positive
840,positive
842,positive
843,positive
844,positive
845,positive
846,positive
847,neutral
849,positive
850,positive
851,positive
852,positive
853,positive
854,negative
855,positive
856,negative
857,neutral
858,positive
859,positive
860,positive
862,positive
864,positive
866,negative
868,neutral
869,negative
870,neutral
871,negative
872,positive
874,negative
876,positive
877,negative
878,positive
879,positive
880,negative
882,negative
883,negative
884,negative
885,positive
886,negative
887,positive
888,positive
889,positive
890,positive
891,positive
893,positive
894,positive
895,positive
896,positive
897,positive
898,positive
900,positive
901,negative
902,positive
903,positive
904,positive
905,neutral
906,negative
907,positive
908,negative
909,negative
910,negative
914,positive
915,positive
917,positive
918,positive
920,negative
921,negative
922,negative
924,positive
925,positive
926,positive
927,neutral
928,negative
929,negative
931,negative
933,positive
934,negative
935,negative
936,neutral
937,negative
938,neutral
940,positive
941,positive
943,negative
944,negative
945,positive
946,positive
947,negative
949,positive
951,negative
953,positive
957,negative
958,positive
962,neutral
963,positive
965,negative
966,positive
968,positive
969,positive
970,positive
971,positive
972,negative
973,positive
974,positive
975,positive
976,positive
979,positive
980,positive
981,positive
982,positive
983,positive
984,neutral
985,neutral
986,positive
987,positive
988,positive
989,positive
990,positive
991,positive
993,neutral
994,neutral
995,positive
996,positive
997,positive
998,positive
999,neutral
1001,positive
1002,positive
1004,positive
1005,negative
1006,positive
1007,positive
1008,positive
1009,positive
1010,negative
1011,positive
1012,neutral
1013,positive
1014,negative
1015,positive
1016,neutral
1017,positive
1019,positive
1022,negative
1023,positive
1024,positive
1026,neutral
1028,neutral
1029,positive
1030,positive
1031,positive
1032,positive
1033,positive
1034,positive
1035,positive
1038,positive
1040,positive
1041,positive
1042,neutral
1043,positive
1044,neutral
1045,neutral
1047,positive
1049,positive
1051,neutral
1053,positive
1055,positive
1056,negative
1058,neutral
1060,negative
1062,positive
1063,positive
1064,positive
1065,positive
1066,positive
1067,positive
1068,neutral
1069,negative
1070,positive
1071,neutral
1072,positive
1073,neutral
1074,positive
1075,positive
1076,positive
1078,negative
1079,positive
1080,positive
1081,positive
1082,positive
1083,positive
1084,positive
1085,positive
1086,positive
1087,negative
1089,neutral
1090,negative
1092,positive
1094,positive
1095,positive
1097,positive
1101,positive
1102,negative
1103,positive
1104,neutral
1107,positive
1108,positive
1109,positive
1110,positive
1112,positive
1113,positive
1114,positive
1115,negative
1116,positive
1117,negative
1118,positive
1119,positive
1120,positive
1122,negative
1123,negative
1124,negative
1125,neutral
1127,positive
1128,positive
1129,negative
1130,positive
1131,positive
1132,positive
1135,positive
1136,positive
1137,positive
1138,negative
1139,negative
1140,positive
1141,positive
1142,negative
1143,positive
1144,neutral
1145,positive
1146,positive
1147,negative
1149,positive
1150,positive
1151,positive
1152,positive
1153,neutral
1154,positive
1155,positive
1156,negative
1157,negative
1158,negative
1159,negative
1160,positive
1161,positive
1162,neutral
1163,positive
1164,positive
1165,neutral
1166,positive
1167,positive
1170,positive
1171,positive
1172,positive
1174,negative
1175,positive
1177,positive
1179,neutral
1180,neutral
1181,positive
1182,positive
1184,positive
1185,positive
1186,positive
1187,positive
1188,neutral
1189,positive
1190,positive
1193,neutral
1194,positive
1196,neutral
1197,positive
1198,positive
1202,negative
1203,positive
1204,negative
1206,positive
1207,positive
1208,positive
1209,positive
1210,positive
1211,positive
1212,positive
1214,positive
1215,positive
1216,positive
1218,negative
1219,positive
1220,neutral
1222,positive
1223,positive
1224,positive
1225,positive
1230,positive
1231,positive
1232,positive
1234,positive
1236,positive
1237,positive
1238,neutral
1239,positive
1240,positive
1241,positive
1242,neutral
1244,positive
1245,positive
1246,negative
1247,negative
1249,positive
1250,negative
1251,neutral
1253,positive
1254,negative
1255,positive
1256,positive
1257,negative
1259,positive
1260,positive
1261,neutral
1262,positive
1263,negative
1264,negative
1265,negative
1266,negative
1267,positive
1268,negative
1270,positive
1271,positive
1272,positive
1273,positive
1274,positive
1275,positive
1276,positive
1277,positive
1278,neutral
1279,neutral
1282,neutral
1283,positive
1286,negative
1287,positive
1288,negative
1289,positive
1291,positive
1292,positive
1293,negative
1294,negative
1295,positive
1296,negative
1297,positive
1298,positive
1299,positive
1300,positive
1303,positive
1304,positive
1305,negative
1308,neutral
1310,neutral
1311,positive
1314,positive
1315,positive
1317,positive
1318,positive
1319,negative
1322,positive
1325,positive
1326,positive
1327,negative
1328,positive
1329,positive
1330,positive
1331,negative
1332,negative
1333,negative
1334,positive
1335,positive
1336,negative
1337,positive
1340,negative
1343,positive
1344,negative
1346,positive
1347,negative
1348,positive
1349,positive
1350,positive
1351,positive
1353,positive
1355,positive
1357,positive
1358,positive
1361,positive
1362,negative
1363,negative
1365,negative
1366,positive
1367,negative
1368,positive
1369,positive
1370,positive
1371,positive
1372,negative
1373,negative
1374,positive
1375,negative
1376,positive
1377,positive
1378,negative
1379,negative
1380,negative
1382,positive
1383,negative
1385,positive
1386,negative
1387,positive
1388,positive
1389,negative
1390,neutral
1391,positive
1395,positive
1396,negative
1397,neutral
1398,positive
1399,negative
1400,neutral
1402,negative
1403,negative
1404,negative
1405,positive
1407,positive
1408,positive
1410,negative
1411,positive
1412,positive
1413,negative
1414,positive
1415,positive
1416,positive
1418,negative
1419,neutral
1420,positive
1421,positive
1422,positive
1423,positive
1425,positive
1427,positive
1428,positive
1430,positive
1432,positive
1433,positive
1434,positive
1436,negative
1437,positive
1438,positive
1439,positive
1441,neutral
1442,positive
1443,negative
1444,negative
1445,negative
1447,positive
1448,positive
1449,positive
1453,positive
1454,positive
1457,neutral
1458,positive
1459,positive
1460,negative
1461,positive
1462,positive
1463,positive
1464,positive
1465,positive
1466,positive
1467,positive
1468,positive
1469,positive
1470,positive
1471,neutral
1472,positive
1474,positive
1475,positive
1477,positive
1479,positive
1480,negative
1481,positive
1483,positive
1484,positive
1486,negative
1487,positive
1488,negative
1489,positive
1491,positive
1492,negative
1493,positive
1495,positive
1496,positive
1498,negative
1499,positive
1500,positive
1501,positive
1502,negative
1503,positive
1504,positive
1505,positive
1506,positive
1507,negative
1509,neutral
1513,negative
1514,negative
1515,negative
1517,negative
1518,positive
1519,positive
1520,negative
1521,positive
1522,positive
1523,positive
1524,positive
1525,positive
1526,negative
1527,negative
1528,negative
1530,negative
1531,positive
1532,negative
1533,negative
1534,negative
1535,positive
1536,positive
1538,negative
1540,negative
1541,positive
1542,positive
1543,negative
1544,negative
1547,negative
1548,negative
1549,neutral
1550,positive
1551,neutral
1553,positive
1554,positive
1555,positive
1556,positive
1557,positive
1558,positive
1559,positive
1561,negative
1562,positive
1563,positive
1564,negative
1566,negative
1568,positive
1569,positive
1570,positive
1571,negative
1572,negative
1575,negative
1577,negative
1579,neutral
1581,neutral
1582,positive
1585,positive
1588,positive
1589,negative
1591,positive
1592,negative
1593,negative
1594,positive
1595,positive
1597,positive
1598,positive
1599,neutral
1601,positive
1602,negative
1603,neutral
1605,positive
1607,negative
1609,positive
1610,positive
1611,positive
1613,positive
1614,positive
1615,positive
1617,positive
1618,positive
1621,positive
1622,neutral
1623,positive
1624,positive
1625,positive
1626,positive
1628,positive
1629,positive
1630,positive
1631,positive
1632,positive
1633,positive
1634,positive
1636,positive
1637,positive
1638,positive
1639,positive
1640,positive
1641,positive
1643,positive
1644,positive
1649,neutral
1650,positive
1651,positive
1652,positive
1654,positive
1661,neutral
1662,neutral
1663,negative
1665,positive
1666,positive
1668,positive
1669,positive
1670,negative
1674,neutral
1675,positive
1676,negative
1677,positive
1679,positive
1681,negative
1683,positive
1685,positive
1686,positive
1687,positive
1688,positive
1689,negative
1690,positive
1691,neutral
1692,neutral
1693,negative
1694,negative
1695,negative
1696,positive
1698,negative
1700,positive
1701,positive
1702,positive
1703,negative
1704,positive
1705,negative
1706,positive
1707,negative
1709,positive
1710,negative
1711,positive
1712,negative
1714,neutral
1715,positive
1716,positive
1719,positive
1720,positive
1721,positive
1724,positive
1726,positive
1728,positive
1729,positive
1730,negative
1732,positive
1734,negative
1735,negative
1736,positive
1739,negative
1740,negative
1741,negative
1742,positive
1743,positive
1744,positive
1746,positive
1747,positive
1748,positive
1749,positive
1750,positive
1752,positive
1754,negative
1755,negative
1757,positive
1759,positive
1760,positive
1761,negative
1763,positive
1765,positive
1766,positive
1767,positive
1770,negative
1773,positive
1774,negative
1775,negative
1777,negative
1779,negative
1780,negative
1781,neutral
1783,negative
1784,negative
1785,negative
1786,positive
1787,positive
1788,positive
1789,positive
1790,positive
1793,positive
1794,positive
1795,positive
1796,positive
1797,positive
1798,positive
1799,positive
1800,neutral
1802,positive
1804,positive
1808,neutral
1809,negative
1810,positive
1811,negative
1812,negative
1813,positive
1815,positive
1818,negative
1819,negative
1822,negative
1824,positive
1825,positive
1826,positive
1827,positive
1828,positive
1829,negative
1832,negative
1833,positive
1835,negative
1836,positive
1837,neutral
1838,negative
1840,negative
1841,negative
1842,positive
1843,positive
1845,positive
1846,neutral
1847,positive
1849,positive
1850,neutral
1851,negative
1852,positive
1853,neutral
1854,negative
1855,negative
1856,negative
1858,positive
1859,positive
1860,positive
1862,neutral
1864,positive
1865,negative
1867,positive
1869,positive
1870,neutral
1871,neutral
1872,neutral
1876,neutral
1877,positive
1878,negative
1880,positive
1881,negative
1882,positive
1883,negative
1884,neutral
1885,negative
1886,negative
1888,positive
1889,positive
1891,negative
1894,negative
1897,positive
1899,positive
1900,positive
1901,positive
1902,negative
1905,neutral
1906,negative
1907,positive
1909,neutral
1910,negative
1911,neutral
1912,neutral
1913,negative
1914,negative
1915,positive
1916,negative
1917,positive
1919,negative
1920,positive
1923,positive
1924,negative
1925,positive
1926,negative
1927,negative
1928,negative
1929,negative
1932,negative
1934,positive
1935,positive
1936,positive
1937,negative
1938,positive
1939,positive
1940,negative
1943,negative
1944,positive
1946,negative
1947,negative
1948,negative
1950,negative
1951,negative
1953,positive
1954,positive
1955,negative
1956,positive
1957,negative
1958,negative
1959,negative
1960,positive
1961,negative
1962,positive
1964,neutral
1966,positive
1967,negative
1968,positive
1970,positive
1971,positive
1972,negative
1973,positive
1975,positive
1976,positive
1977,negative
1978,negative
1979,positive
1980,positive
1981,positive
1982,positive
1983,positive
1984,positive
1985,positive
1986,positive
1987,positive
1988,positive
1989,positive
1991,positive
1992,negative
1995,positive
1996,positive
1997,positive
1998,positive
2000,positive
2001,negative
2003,positive
2004,positive
2005,neutral
2006,positive
2007,neutral
2008,positive
2010,positive
2011,positive
2012,neutral
2013,negative
2014,positive
2015,negative
2018,positive
2020,positive
2022,positive
2023,positive
2024,neutral
2025,negative
2027,positive
2028,positive
2030,positive
2032,positive
2033,positive
2034,positive
2035,positive
2036,positive
2038,neutral
2039,negative
2040,negative
2041,positive
2042,positive
2043,positive
2044,neutral
2045,positive
2047,positive
2048,positive
2049,positive
2050,positive
2051,positive
2052,positive
2053,positive
2054,neutral
2056,neutral
2057,negative
2058,neutral
2059,positive
2060,neutral
2063,negative
2064,negative
2065,positive
2067,negative
2068,negative
2069,negative
2070,negative
2071,positive
2072,positive
2073,negative
2074,positive
2075,negative
2076,positive
2077,neutral
2079,positive
2080,positive
2081,positive
2084,positive
2086,positive
2087,negative
2089,positive
2090,positive
2091,negative
2092,positive
2093,positive
2095,neutral
2097,positive
2100,negative
2101,positive
2102,neutral
2103,positive
2105,negative
2106,positive
2108,positive
2109,positive
2111,neutral
2117,positive
2118,negative
2119,negative
2124,negative
2125,negative
2126,negative
2128,negative
2129,negative
2130,positive
2132,positive
2133,positive
2135,positive
2136,positive
2138,positive
2140,positive
2141,positive
2142,positive
2144,positive
2145,positive
2146,positive
2147,negative
2149,positive
2152,positive
2156,negative
2158,negative
2159,positive
2160,positive
2161,positive
2163,negative
2164,positive
2165,neutral
2166,positive
2168,positive
2312,negative
2313,negative
2314,positive
2318,neutral
2319,neutral
2321,positive
2322,positive
2323,positive
2324,positive
2326,negative
2327,positive
2328,negative
2329,negative
2330,negative
2331,positive
2333,negative
2334,negative
2335,negative
2336,positive
2337,positive
2339,negative
2340,negative
2345,negative
2350,negative
2354,negative
2356,negative
2357,positive
2361,neutral
2363,negative
2364,positive
2365,positive
2366,neutral
2368,positive
2370,neutral
2372,positive
2373,positive
2374,neutral
2375,neutral
2377,positive
2378,positive
2379,neutral
2380,positive
2381,positive
2382,positive
2383,positive
2384,positive
2386,positive
2387,negative
2388,neutral
2389,neutral
2403,negative
2404,negative
2426,positive
2427,positive
2430,positive
2431,positive
2432,positive
2433,positive
2435,neutral
2436,positive
2437,positive
2438,positive
2439,neutral
2440,positive
2441,positive
2442,positive
2445,positive
2446,positive
2447,neutral
2448,neutral
2449,positive
2450,neutral
2451,negative
2452,neutral
2453,neutral
2454,neutral
2455,negative
2456,positive
2458,positive
2459,neutral
2460,positive
2462,negative
2464,negative
2465,positive
2468,positive
2470,positive
2471,positive
2472,positive
2473,positive
2474,negative
2478,negative
2479,positive
2488,positive
2489,positive
2490,positive
2492,positive
2494,positive
2496,negative
2497,positive
2498,positive
2500,positive
2501,positive
2502,positive
2503,positive
2504,positive
2506,positive
2508,positive
2509,positive
2513,positive
2514,negative
2525,positive
2526,negative
2528,negative
2529,positive
2530,positive
2531,positive
2532,positive
2533,positive
2534,positive
2535,positive
2536,positive
2538,positive
2540,positive
2541,positive
2542,positive
2544,positive
2547,negative
2548,negative
2551,negative
2552,neutral
2553,positive
2556,positive
2557,positive
2558,positive
2559,positive
2560,positive
2561,neutral
2562,positive
2567,negative
2568,positive
2569,positive
2571,positive
2573,positive
2574,positive
2575,positive
2576,positive
2577,negative
2578,negative
2580,positive
2581,negative
2583,positive
2584,negative
2586,negative
2587,positive
2588,positive
2589,positive
2590,positive
2591,positive
2592,positive
2593,positive
2594,positive
2595,positive
2596,positive
2598,positive
2599,neutral
2600,positive
2601,positive
2602,negative
2603,negative
2604,positive
2605,negative
2608,positive
2612,positive
2613,positive
2614,positive
2617,negative
2618,negative
2619,negative
2620,positive
2621,positive
2623,positive
2624,positive
2626,positive
2628,positive
2633,negative
2634,positive
2636,neutral
2639,negative
2641,negative
2643,negative
2645,negative
2648,positive
2650,negative
2654,negative
2655,neutral
2656,positive
2657,positive
2658,neutral
2659,positive
2660,positive
2661,positive
2662,negative
2663,negative
2664,negative
2665,neutral
2666,negative
2667,negative
2670,negative
2671,negative
2672,negative
2673,negative
2674,negative
2675,negative
2683,positive
2684,neutral
2685,negative
2686,positive
2687,neutral
2688,negative
2689,negative
2690,negative
2691,negative
2692,negative
2694,positive
2695,positive
2696,neutral
2699,negative
2700,neutral
2701,positive
2703,negative
2705,neutral
2706,negative
2707,positive
2708,neutral
2710,neutral
2711,positive
2712,negative
2713,neutral
2714,negative
2715,positive
2716,positive
2719,positive
2720,neutral
2724,neutral
2725,neutral
2726,neutral
2727,neutral
2728,neutral
2729,positive
2730,neutral
2731,neutral
2732,neutral
2734,neutral
2735,positive
2736,neutral
2738,neutral
2740,positive
2741,negative
2742,negative
2743,negative
2745,neutral
2747,negative
2748,positive
2749,positive
2752,positive
2753,positive
2755,neutral
2760,positive
2761,neutral
2762,neutral
2763,negative
2765,positive
2767,positive
2768,positive
2769,positive
2770,positive
2771,positive
2772,positive
2773,positive
2774,negative
2775,positive
2776,positive
2778,positive
2781,positive
2782,positive
2783,negative
2784,neutral
2785,positive
2786,neutral
2787,neutral
2788,neutral
2789,positive
2790,neutral
2791,positive
2794,negative
2795,positive
2796,neutral
2797,positive
2798,positive
2799,positive
2801,negative
2804,neutral
2806,positive
2807,positive
2808,positive
2809,negative
2810,negative
2812,negative
2813,positive
2814,positive
2816,negative
2817,negative
2820,positive
2822,positive
2826,positive
2827,positive
2829,neutral
2830,positive
2833,neutral
2836,negative
2838,positive
2839,negative
2841,negative
2842,negative
2843,negative
2844,negative
2845,positive
2848,negative
2850,positive
2851,positive
2852,positive
2853,positive
2855,positive
2856,positive
2859,positive
2860,positive
2861,positive
2862,neutral
2864,neutral
2865,negative
2867,positive
2869,neutral
2870,positive
2871,positive
2872,positive
2874,positive
2875,neutral
2877,positive
2880,positive
2881,negative
2883,positive
2884,positive
2885,negative
2886,positive
2887,negative
2890,negative
2891,positive
2892,positive
2894,positive
2895,negative
2897,positive
2898,negative
2899,negative
2900,positive
2901,positive
2902,positive
2903,neutral
2905,positive
2907,positive
2908,negative
2912,positive
2913,negative
2916,neutral
2917,neutral
2919,positive
2922,positive
2923,negative
2924,neutral
2926,positive
2927,positive
2928,positive
2931,negative
2932,positive
2933,neutral
2934,positive
2936,negative
2937,neutral
2938,positive
2940,negative
2941,positive
2942,positive
2945,negative
2946,positive
2947,positive
2948,negative
2950,negative
2952,positive
2953,positive
2955,positive
2956,positive
2959,negative
2960,negative
2961,negative
2963,positive
2964,positive
2965,positive
2966,positive
2967,positive
2968,negative
2969,positive
2970,neutral
2972,positive
2973,positive
2975,negative
2976,negative
2977,positive
2978,positive
2979,neutral
2980,negative
2981,neutral
2983,negative
2984,neutral
2985,neutral
2986,positive
2987,positive
2990,positive
2992,neutral
2993,negative
2994,positive
2995,positive
2996,positive
2997,positive
2998,negative
2999,positive
3009,positive
3010,negative
3013,positive
3014,positive
3015,neutral
3017,neutral
3018,positive
3019,positive
3021,positive
3024,positive
3025,positive
3026,positive
3027,positive
3028,positive
3029,positive
3031,positive
3032,positive
3033,positive
3034,positive
3036,positive
3037,positive
3038,positive
3040,negative
3041,neutral
3042,neutral
3043,neutral
3045,positive
3047,negative
3048,negative
3050,negative
3051,negative
3056,neutral
3057,positive
3058,negative
3059,positive
3060,negative
3063,neutral
3064,negative
3065,positive
3066,positive
3067,positive
3068,positive
3069,positive
3071,positive
3072,neutral
3073,neutral
3074,positive
3075,negative
3076,neutral
3077,negative
3078,negative
3079,negative
3080,negative
3086,positive
3087,negative
3088,positive
3089,negative
3090,negative
3091,positive
3092,negative
3093,negative
3094,neutral
3095,negative
3096,positive
3097,positive
3098,positive
3099,positive
3100,positive
3101,positive
3104,positive
3105,negative
3106,negative
3107,negative
3109,positive
3111,negative
3113,positive
3115,positive
3116,positive
3117,negative
3118,positive
3120,positive
3121,positive
3122,positive
3123,negative
3124,negative
3125,negative
3127,positive
3128,positive
3129,negative
3130,negative
3132,positive
3133,negative
3134,negative
3136,negative
3137,negative
3138,positive
3140,negative
3141,negative
3142,positive
3143,positive
3144,positive
3146,positive
3147,negative
3148,positive
3150,negative
3151,positive
3154,positive
3155,negative
3156,positive
3157,positive
3159,neutral
3162,positive
3163,neutral
3164,negative
3166,negative
3167,negative
3168,negative
3169,negative
3171,negative
3173,positive
3175,negative
3176,positive
3177,positive
3178,positive
3179,negative
3180,neutral
3182,positive
3183,negative
3184,negative
3185,positive
3188,positive
3191,negative
3194,positive
3196,positive
3197,negative
3198,positive
3199,positive
3200,positive
3202,neutral
3203,positive
3204,positive
3208,positive
3209,positive
3210,negative
3211,positive
3212,neutral
3213,negative
3214,positive
3215,positive
3217,positive
3218,positive
3219,positive
3220,positive
3223,negative
3225,negative
3229,positive
3232,positive
3233,negative
3234,positive
3235,positive
3236,positive
3237,positive
3238,positive
3240,positive
3242,positive
3244,positive
3245,positive
3246,positive
3247,negative
3249,positive
3250,positive
3251,positive
3252,positive
3255,positive
3256,negative
3257,negative
3258,positive
3259,positive
3260,positive
3261,positive
3262,positive
3263,positive
3264,positive
3266,positive
3272,positive
3274,negative
3275,positive
3278,negative
3281,negative
3282,positive
3283,negative
3284,negative
3285,positive
3286,positive
3287,positive
3288,positive
3289,positive
3290,positive
3294,positive
3295,positive
3297,positive
3299,neutral
3301,positive
3303,positive
3304,positive
3307,negative
3308,positive
3310,negative
3311,negative
3313,negative
3316,neutral
3317,neutral
3320,negative
3321,positive
3322,positive
3323,positive
3326,positive
3327,positive
3328,positive
3329,neutral
3330,neutral
3331,positive
3332,negative
3333,neutral
3334,positive
3335,positive
3337,negative
3338,positive
3339,positive
3340,positive
3341,positive
3342,positive
3343,positive
3344,negative
3345,positive
3347,negative
3349,positive
3350,positive
3351,positive
3352,positive
3353,negative
3354,negative
3356,negative
3357,positive
3358,negative
3360,negative
3361,positive
3363,positive
3364,positive
3365,negative
3366,positive
3367,positive
3368,positive
3369,positive
3370,negative
3372,positive
3373,positive
3375,neutral
3376,positive
3377,neutral
3378,positive
3379,positive
3380,neutral
3381,positive
3382,positive
3385,positive
3387,positive
3388,positive
3389,positive
3390,positive
3393,positive
3394,negative
3396,positive
3404,positive
3405,negative
3408,positive
3411,negative
3412,negative
3414,negative
3419,negative
3420,negative
3421,positive
3422,positive
3423,positive
3425,positive
3426,negative
3427,positive
3429,negative
3430,negative
3431,positive
3432,neutral
3433,negative
3435,negative
3436,negative
3437,positive
3440,positive
3442,positive
3443,positive
3444,negative
3445,negative
3446,positive
3448,negative
3452,negative
3453,negative
3454,positive
3455,positive
3456,negative
3457,positive
3458,positive
3460,neutral
3461,positive
3463,neutral
3465,positive
3466,positive
3467,positive
3468,positive
3469,positive
3470,positive
3472,positive
3473,positive
3474,neutral
3478,negative
3479,positive
3480,negative
3481,positive
3482,negative
3483,negative
3484,positive
3486,positive
3487,positive
3488,negative
3489,positive
3490,positive
3491,negative
3493,positive
3496,negative
3497,positive
3498,positive
3499,negative
3500,positive
3501,negative
3502,positive
3503,positive
3504,positive
3506,positive
3507,positive
3508,negative
3510,positive
3512,negative
3513,negative
3515,negative
3516,positive
3521,positive
3522,negative
3523,neutral
3524,negative
3525,positive
3526,positive
3527,positive
3528,positive
3529,neutral
3530,positive
3531,positive
3532,positive
3533,neutral
3534,negative
3535,positive
3536,negative
3537,neutral
3539,negative
3540,positive
3541,positive
3543,negative
3544,negative
3545,negative
3546,negative
3547,negative
3548,positive
3549,negative
3550,negative
3551,negative
3552,positive
3555,negative
3557,negative
3558,positive
3560,positive
3562,negative
3563,negative
3568,negative
3569,negative
3573,positive
3574,positive
3575,negative
3576,positive
3577,neutral
3581,negative
3582,positive
3583,negative
3585,negative
3586,positive
3587,positive
3588,positive
3589,positive
3590,positive
3591,neutral
3592,positive
3593,positive
3594,positive
3595,positive
3596,positive
3597,positive
3598,positive
3600,positive
3601,positive
3602,neutral
3603,positive
3604,positive
3606,positive
3607,positive
3608,positive
3609,positive
3611,positive
3612,neutral
3613,positive
3614,positive
3615,neutral
3616,negative
3617,neutral
3619,positive
3620,neutral
3621,positive
3622,positive
3623,positive
3624,positive
3625,negative
3626,positive
3627,positive
3628,positive
3630,positive
3631,positive
3632,positive
3633,positive
3634,positive
3635,positive
3636,negative
3639,positive
3640,positive
3642,positive
3643,positive
3644,negative
3645,positive
3647,positive
3648,positive
3649,positive
3652,negative
3653,positive
3654,positive
3655,negative
3656,negative
3657,negative
3658,positive
3659,negative
3661,negative
3662,negative
3664,negative
3667,negative
3668,negative
3669,negative
3670,negative
3672,positive
3673,neutral
3674,neutral
3675,positive
3676,positive
3677,positive
3678,neutral
3679,positive
3680,positive
3681,positive
3682,positive
3684,positive
3685,neutral
3686,positive
3688,positive
3689,neutral
3691,positive
3692,positive
3693,neutral
3694,negative
3695,negative
3697,positive
3699,negative
3700,positive
3703,neutral
3704,positive
3706,positive
3708,positive
3709,positive
3711,positive
3712,positive
3713,positive
3715,positive
3716,positive
3717,neutral
3718,positive
3720,positive
3721,negative
3722,negative
3723,negative
3724,positive
3725,positive
3726,negative
3727,negative
3728,negative
3729,positive
3730,positive
3733,negative
3734,negative
3735,negative
3736,negative
3737,positive
3738,positive
3740,positive
3742,positive
3743,positive
3744,positive
3747,positive
3748,positive
3749,positive
3752,neutral
3755,negative
3756,positive
3759,positive
3761,positive
3762,positive
3764,positive
3767,positive
3768,negative
3769,negative
3770,negative
3771,negative
3773,negative
3776,negative
3778,negative
3779,negative
3781,negative
3782,negative
3783,positive
3784,negative
3785,negative
3786,negative
3787,negative
3788,positive
3790,positive
3791,positive
3792,negative
3793,negative
3794,neutral
3795,negative
3796,positive
3797,neutral
3798,positive
3799,positive
3800,negative
3801,positive
3802,positive
3805,positive
3806,positive
3807,neutral
3808,neutral
3812,positive
3814,positive
3816,positive
3817,positive
3820,positive
3822,positive
3824,negative
3825,negative
3826,negative
3827,negative
3828,negative
3829,neutral
3830,negative
3831,negative
3832,negative
3834,neutral
3836,positive
3837,positive
3838,negative
3840,positive
3841,positive
3844,neutral
3849,positive
3850,negative
3852,positive
3853,positive
3855,positive
3856,neutral
3860,positive
3861,positive
3863,positive
3864,positive
3865,positive
3866,neutral
3867,negative
3868,positive
3869,neutral
3871,positive
3873,positive
3875,negative
3876,positive
3877,positive
3878,negative
3880,negative
3881,positive
3883,negative
3885,negative
3886,positive
3887,negative
3888,positive
3890,positive
3892,negative
3893,positive
3894,negative
3896,positive
3897,positive
3901,negative
3902,negative
3903,positive
3904,positive
3905,negative
3907,positive
3910,positive
3911,positive
3913,positive
3915,negative
3916,negative
3918,negative
3920,neutral
3921,positive
3922,negative
3923,negative
3924,negative
3925,neutral
3926,positive
3928,positive
3929,positive
3930,positive
3931,positive
3932,positive
3933,negative
3934,negative
3935,negative
3936,positive
3937,positive
3938,negative
3939,positive
3940,positive
3941,negative
3942,negative
3943,negative
3944,negative
3946,negative
3947,negative
3949,negative
3950,negative
3951,negative
3952,negative
3954,negative
3956,negative
3957,positive
3958,negative
3959,positive
3961,positive
3962,negative
3964,positive
3966,negative
3967,negative
3968,negative
3970,positive
3972,positive
3973,positive
3974,positive
3976,positive
3977,negative
3979,negative
3980,negative
3981,negative
3982,positive
3984,negative
3985,positive
3986,negative
3987,positive
3988,negative
3989,negative
3990,positive
3991,positive
3992,negative
3993,positive
3994,positive
3995,positive
3996,negative
4000,positive
4001,negative
4002,negative
4004,negative
4005,negative
4006,negative
4007,negative
4008,negative
4011,positive
4012,positive
4013,negative
4014,positive
4015,positive
4016,positive
4017,positive
4018,positive
4019,negative
4020,positive
4021,positive
4023,positive
4024,positive
4027,positive
4028,positive
4031,positive
4033,positive
4034,negative
4035,negative
4039,positive
4041,positive
4043,positive
4044,positive
4045,positive
4047,neutral
4048,negative
4049,positive
4050,negative
4051,positive
4053,neutral
4054,positive
4055,positive
4056,negative
4057,negative
4059,negative
4060,positive
4062,negative
4063,negative
4066,negative
4067,negative
4068,positive
4069,positive
4070,negative
4071,negative
4072,positive
4073,negative
4075,positive
4076,negative
4077,positive
4079,negative
4080,neutral
4081,positive
4083,positive
4084,neutral
4085,neutral
4086,neutral
4088,neutral
4089,neutral
4090,neutral
4091,neutral
4092,neutral
4093,positive
4095,neutral
4096,positive
4097,positive
4098,neutral
4099,positive
4100,neutral
4101,positive
4102,neutral
4103,positive
4104,positive
4105,neutral
4106,neutral
4107,negative
4108,neutral
4109,positive
4110,neutral
4111,neutral
4113,neutral
4114,negative
4115,neutral
4116,neutral
4117,positive
4118,positive
4119,neutral
4122,neutral
4124,neutral
4125,negative
4126,positive
4127,negative
4129,neutral
4130,neutral
4131,positive
4132,negative
4133,positive
4136,negative
4137,positive
4139,negative
4140,negative
4141,neutral
4142,neutral
4143,neutral
4144,neutral
4146,negative
4147,neutral
4149,positive
4150,neutral
4151,neutral
4152,positive
4153,negative
4154,negative
4155,negative
4156,negative
4158,negative
4159,negative
4160,negative
4161,negative
4162,positive
4163,negative
4164,positive
4166,negative
4167,negative
4168,negative
4169,positive
4170,negative
4171,positive
4172,negative
4175,positive
4176,positive
4178,positive
4179,positive
4181,positive
4182,negative
4183,negative
4184,negative
4185,negative
4186,neutral
4187,positive
4188,negative
4189,positive
4192,positive
4193,positive
4194,negative
4195,negative
4196,negative
4197,negative
4198,negative
4199,positive
4200,negative
4203,negative
4204,negative
4206,positive
4207,positive
4208,positive
4209,positive
4210,negative
4211,negative
4212,positive
4213,positive
4214,positive
4215,positive
4216,positive
4217,positive
4218,positive
4219,positive
4220,positive
4221,positive
4222,negative
4223,positive
4224,negative
4225,negative
4226,positive
4227,positive
4228,positive
4229,positive
4230,positive
4231,neutral
4232,positive
4233,positive
4234,positive
4236,positive
4237,positive
4239,positive
4240,positive
4241,positive
4243,positive
4244,positive
4247,positive
4248,positive
4249,positive
4250,positive
4251,positive
4252,positive
4253,positive
4254,positive
4257,positive
4258,negative
4259,positive
4260,positive
4261,positive
4262,negative
4263,positive
4264,negative
4266,negative
4267,negative
4269,negative
4270,positive
4274,negative
4275,positive
4276,positive
4277,positive
4278,positive
4280,positive
4281,positive
4282,negative
4283,positive
4284,positive
4286,positive
4289,negative
4290,negative
4293,positive
4295,negative
4296,negative
4297,negative
4298,negative
4299,negative
4300,negative
4301,negative
4304,negative
4309,positive
4310,positive
4311,positive
4313,positive
4314,positive
4315,positive
4317,positive
4318,positive
4320,positive
4321,positive
4322,positive
4323,positive
4324,positive
4325,negative
4326,positive
4327,positive
4328,positive
4329,positive
4330,negative
4332,negative
4333,negative
4334,positive
4335,negative
4336,positive
4337,negative
4338,positive
4339,positive
4340,positive
4341,positive
4342,positive
4343,negative
4344,positive
4346,negative
4347,negative
4349,negative
4350,negative
4351,positive
4352,negative
4353,positive
4355,negative
4356,negative
4358,positive
4359,negative
4360,negative
4361,positive
4362,negative
4364,negative
4367,negative
4368,negative
4370,negative
4371,negative
4373,positive
4374,positive
4382,positive
4383,negative
4384,negative
4386,negative
4388,negative
4390,negative
4391,positive
4392,positive
4393,negative
4396,negative
4398,negative
4399,positive
4401,negative
4403,negative
4404,positive
4405,positive
4406,positive
4408,positive
4409,positive
4411,positive
4412,positive
4413,negative
4414,negative
4415,negative
4416,negative
4419,negative
4420,negative
4422,negative
4423,negative
4426,positive
4427,negative
4428,negative
4432,positive
4433,negative
4435,negative
4436,positive
4437,positive
4438,positive
4439,positive
4440,negative
4441,negative
4442,negative
4443,positive
4444,positive
4445,neutral
4446,negative
4447,positive
4452,negative
4456,negative
4457,negative
4458,negative
4459,positive
4460,positive
4462,neutral
4463,neutral
4464,negative
4465,negative
4467,negative
4468,neutral
4469,negative
4473,positive
4474,negative
4475,positive
4476,negative
4477,positive
4478,negative
4480,negative
4481,positive
4482,positive
4484,positive
4485,positive
4486,positive
4487,negative
4488,negative
4489,positive
4490,positive
4491,positive
4492,positive
4493,positive
4494,negative
4495,positive
4497,positive
4498,positive
4499,positive
4501,positive
4502,neutral
4503,positive
4504,positive
4505,positive
4508,positive
4509,positive
4510,positive
4512,positive
4513,positive
4514,negative
4515,neutral
4516,positive
4517,negative
4518,positive
4519,positive
4520,positive
4521,positive
4522,negative
4523,negative
4524,neutral
4525,negative
4526,positive
4527,positive
4528,positive
4529,positive
4530,positive
4531,positive
4533,negative
4534,positive
4535,negative
4536,positive
4537,neutral
4540,positive
4543,negative
4544,negative
4546,positive
4547,positive
4548,positive
4549,positive
4550,positive
4551,negative
4553,positive
4554,positive
4558,neutral
4559,positive
4561,positive
4562,negative
4563,neutral
4564,positive
4565,positive
4566,neutral
4567,positive
4568,positive
4569,negative
4570,negative
4571,negative
4572,positive
4573,positive
4575,positive
4576,positive
4577,positive
4579,positive
4581,positive
4582,positive
4583,positive
4584,negative
4585,negative
4586,positive
4588,positive
4590,positive
4591,positive
4593,negative
4594,positive
4595,positive
4596,negative
4597,negative
4598,negative
4599,neutral
4600,positive
4602,negative
4604,positive
4606,negative
4607,positive
4608,positive
4609,positive
4610,positive
4611,positive
4612,negative
4614,positive
4616,positive
4617,positive
4618,positive
4619,positive
4622,negative
4623,negative
4624,negative
4625,neutral
4626,positive
4627,negative
4628,positive
4629,negative
4630,neutral
4631,positive
4632,negative
4633,positive
4634,positive
4635,neutral
4636,positive
4637,positive
4638,positive
4639,negative
4640,negative
4641,positive
4642,positive
4643,positive
4645,neutral
4646,negative
4647,negative
4648,positive
4649,positive
4650,neutral
4651,positive
4652,negative
4653,negative
4654,neutral
4655,positive
4658,negative
4659,positive
4660,positive
4661,positive
4662,neutral
4663,positive
4664,positive
4665,neutral
4666,positive
4667,positive
4668,positive
4669,neutral
4670,positive
4675,positive
4676,positive
4677,positive
4680,positive
4683,positive
4685,negative
4686,negative
4687,negative
4688,negative
4690,positive
4691,positive
4692,positive
4696,negative
4697,positive
4698,neutral
4699,positive
4700,negative
4701,positive
4702,positive
4705,negative
4706,positive
4707,neutral
4709,positive
4711,negative
4712,negative
4714,positive
4717,negative
4718,negative
4719,negative
4722,positive
4723,positive
4724,positive
4725,positive
4726,positive
4727,positive
4730,positive
4731,positive
4732,positive
4733,positive
4734,positive
4735,positive
4736,positive
4737,negative
4739,negative
4741,positive
4742,positive
4743,positive
4744,positive
4745,negative
4746,negative
4747,positive
4748,positive
4749,positive
4750,neutral
4751,positive
4752,positive
4755,negative
4756,negative
4757,positive
4758,positive
4759,positive
4760,neutral
4761,positive
4762,negative
4764,negative
4765,neutral
4767,positive
4768,positive
4769,positive
4770,positive
4772,positive
4773,positive
4775,positive
4776,positive
4778,positive
4779,positive
4780,positive
4781,negative
4782,positive
4783,positive
4784,neutral
4785,positive
4786,positive
4787,positive
4788,positive
4789,positive
4791,positive
4792,positive
4793,positive
4794,negative
4797,negative
4798,neutral
4799,neutral
4800,positive
4801,positive
4802,negative
4803,positive
4805,positive
4806,positive
4808,positive
4809,positive
4810,positive
4812,neutral
4813,neutral
4814,negative
4815,negative
4816,negative
4817,positive
4818,negative
4821,positive
4822,positive
4823,negative
4824,negative
4826,negative
4828,positive
4829,negative
4830,negative
4831,negative
4833,positive
4834,negative
4836,negative
4837,positive
4840,negative
4841,negative
4848,negative
4849,negative
4850,negative
4851,negative
4852,negative
4853,negative
4854,negative
4855,negative
4856,negative
4858,negative
4859,positive
4861,positive
4862,positive
4863,neutral
4864,positive
4865,positive
4866,negative
4867,positive
4868,positive
4869,positive
4872,positive
4873,negative
4874,negative
4875,positive
4876,negative
4878,negative
4879,positive
4880,negative
4881,positive
4882,positive
4883,positive
4884,negative
4886,positive
4887,negative
4888,negative
4889,positive
4890,positive
4892,negative
4893,positive
4894,positive
4895,positive
4896,negative
4899,positive
4901,negative
4902,negative
4905,negative
4906,positive
4908,negative
4909,positive
4914,positive
4915,negative
4917,negative
4918,negative
4921,negative
4923,negative
4924,negative
4926,positive
4927,positive
4928,positive
4929,negative
4930,positive
4931,positive
4932,neutral
4933,negative
4934,positive
4935,positive
4936,positive
4937,positive
4938,negative
4939,negative
4940,positive
4941,positive
4942,positive
4943,negative
4946,positive
4948,negative
4949,negative
4950,positive
4951,positive
4952,positive
4953,positive
4954,positive
4956,positive
4957,positive
4958,negative
4959,positive
4960,positive
4961,positive
4962,positive
4963,positive
4964,positive
4965,positive
4966,negative
4967,positive
4968,positive
4969,positive
4970,positive
4971,positive
4972,positive
4973,positive
4974,negative
4975,positive
4976,positive
4977,negative
4978,positive
4979,positive
4980,negative
4982,negative
4987,positive
4988,positive
4989,negative
4991,positive
4992,positive
4993,positive
4994,negative
4996,positive
4997,positive
4998,positive
4999,positive
5001,negative
5002,negative
5003,negative
5004,negative
5005,negative
5006,positive
5008,positive
5010,positive
5011,positive
5012,positive
5013,positive
5014,positive
5015,positive
5016,positive
5019,negative
5020,positive
5021,positive
5022,negative
5023,positive
5024,positive
5025,negative
5026,positive
5030,positive
5031,positive
5033,positive
5035,positive
5036,positive
5038,positive
5041,positive
5042,positive
5045,positive
5047,positive
5048,positive
5049,negative
5050,positive
5051,positive
5052,positive
5053,negative
5054,positive
5055,negative
5056,positive
5057,positive
5058,negative
5059,positive
5060,positive
5062,negative
5063,positive
5064,negative
5065,positive
5067,negative
5068,negative
5069,positive
5070,negative
5071,neutral
5073,negative
5074,negative
5075,negative
5077,negative
5078,negative
5079,positive
5080,positive
5081,negative
5082,negative
5084,positive
5085,positive
5086,negative
5087,negative
5088,positive
5089,negative
5090,positive
5091,positive
5093,positive
5094,negative
5095,positive
5096,negative
5099,positive
5102,positive
5104,positive
5105,negative
5106,negative
5109,positive
5112,negative
5113,negative
5114,positive
5116,negative
5117,negative
5118,positive
5119,positive
5120,positive
5121,positive
5122,positive
5123,negative
5125,positive
5126,positive
5128,positive
5129,positive
